timestamp,gaze_x,gaze_y,lx,ly,lmaj,lmin,langle,rx,ry,rmaj,rmin,rangle
0.2236313819885254,160,272,490.0972900390625,147.14015197753906,60.992332458496094,95.49298858642578,138.00921630859375,158.1575927734375,228.35653686523438,99.16624450683594,133.52244567871094,147.48316955566406
0.397275447845459,225,250,460.3072509765625,135.07093811035156,63.53564453125,99.09027099609375,133.23875427246094,198.71759033203125,237.6524200439453,106.5599365234375,118.98298645019531,124.10505676269531
0.6104815006256104,223,253,455.990234375,134.4896240234375,63.77229309082031,95.61320495605469,142.6198272705078,197.2495574951172,238.86944580078125,110.71835327148438,120.7802734375,125.40301513671875
0.8065619468688965,212,257,456.0257263183594,136.1584930419922,65.87586975097656,101.1500473022461,143.4734344482422,197.4376220703125,238.14443969726562,106.02240753173828,120.94023895263672,141.37823486328125
0.989248514175415,297,261,440.56793212890625,140.2807159423828,72.5264892578125,99.05084991455078,142.75389099121094,219.6836700439453,232.61170959472656,114.28709411621094,124.5456314086914,39.2713737487793
1.198697805404663,294,249,443.349609375,141.4253692626953,74.41959381103516,100.19757080078125,139.82666015625,227.3179931640625,236.54835510253906,86.66432189941406,140.15345764160156,22.3830509185791
1.3589177131652832,300,261,445.5586853027344,142.657958984375,74.49958801269531,102.7467041015625,144.29920959472656,219.5281219482422,231.7598114013672,110.45116424560547,127.22328186035156,10.822083473205566
1.5425631999969482,299,262,446.4352722167969,142.86383056640625,75.41152954101562,102.77216339111328,144.1121063232422,217.07192993164062,231.333984375,112.15678405761719,127.28742980957031,12.079079627990723
1.746016025543213,380,252,386.4739685058594,128.43472290039062,81.28380584716797,87.84169006347656,158.38328552246094,290.63677978515625,232.0716552734375,105.21472930908203,134.4224853515625,37.45315170288086
1.9307584762573242,374,258,391.6997985839844,130.86607360839844,76.779296875,90.76789093017578,162.4112548828125,276.01788330078125,231.72698974609375,112.58638000488281,134.57757568359375,39.521034240722656
2.106325149536133,365,261,406.9495849609375,141.70498657226562,82.94673919677734,97.07823181152344,139.12997436523438,262.6609802246094,228.30650329589844,110.57806396484375,134.18740844726562,32.583248138427734
2.2524757385253906,357,268,416.1380615234375,147.42601013183594,82.97098541259766,101.16780090332031,134.2344512939453,256.75482177734375,224.67727661132812,109.57588958740234,136.47012329101562,34.94395065307617
2.4166383743286133,303,260,437.6815185546875,148.5912628173828,77.51649475097656,101.79959106445312,136.4247589111328,235.65586853027344,234.02084350585938,90.36334991455078,136.25912475585938,24.640308380126953
2.6146457195281982,317,268,437.3858947753906,151.39523315429688,77.60432434082031,105.39584350585938,134.7157440185547,233.57974243164062,229.4130096435547,103.02366638183594,130.2871551513672,12.795319557189941
2.8159101009368896,303,263,437.781005859375,151.87130737304688,76.44645690917969,103.85993194580078,135.5638885498047,237.1048583984375,233.62783813476562,88.06053161621094,137.50494384765625,24.66686248779297
2.9780170917510986,365,256,410.4804382324219,144.41436767578125,78.74128723144531,94.0174560546875,122.92546844482422,260.602783203125,229.30007934570312,111.38763427734375,131.17332458496094,37.51508331298828
3.1489882469177246,366,253,412.565673828125,144.90089416503906,78.85799407958984,94.96065521240234,118.28215789794922,258.4078063964844,229.37586975097656,109.96118927001953,132.85308837890625,37.17313003540039
3.3162338733673096,366,254,411.83544921875,145.67111206054688,79.96438598632812,95.3306655883789,117.70474243164062,259.2763366699219,229.24688720703125,111.69794464111328,132.00584411621094,41.09993362426758
3.450324058532715,366,258,411.8285217285156,147.2479248046875,80.53820037841797,95.05894470214844,118.56868743896484,258.94952392578125,227.66148376464844,110.24544525146484,134.25205993652344,39.210636138916016
3.6528751850128174,448,257,380.9974670410156,147.23507690429688,81.53742218017578,97.3262710571289,100.71370697021484,295.5184020996094,218.00140380859375,115.51960754394531,136.22203063964844,36.42704391479492
3.8264260292053223,437,256,386.07891845703125,148.33493041992188,83.14417266845703,97.76618194580078,105.14469909667969,288.5799255371094,220.5850830078125,116.94291687011719,137.4635467529297,34.611507415771484
4.005927324295044,434,260,389.26446533203125,149.85992431640625,82.13141632080078,98.94511413574219,109.18714904785156,284.228271484375,219.47683715820312,118.41890716552734,139.43162536621094,31.807689666748047
4.19541597366333,428,259,388.8855895996094,150.9276885986328,84.32727813720703,99.90177154541016,108.19772338867188,284.6833190917969,221.461181640625,118.1159896850586,137.6785430908203,38.668678283691406
4.396592140197754,419,262,393.1148681640625,152.08116149902344,84.37224578857422,99.35641479492188,114.91870880126953,281.7515869140625,222.13291931152344,120.02141571044922,139.15264892578125,37.83039093017578
4.561485767364502,468,239,369.9180908203125,147.1730499267578,84.3199691772461,99.33480072021484,96.61967468261719,314.19171142578125,225.74424743652344,111.65959167480469,139.48976135253906,35.89361572265625
4.768057346343994,444,241,382.78143310546875,148.5620574951172,84.77713012695312,100.41354370117188,106.50181579589844,306.70892333984375,228.30686950683594,114.85643768310547,139.81103515625,39.43231964111328
4.955633878707886,443,254,389.60516357421875,154.5484619140625,84.41187286376953,104.05354309082031,106.99832916259766,303.67291259765625,222.63490295410156,118.26541137695312,140.083740234375,37.30093765258789
5.134088039398193,429,260,394.52703857421875,156.13101196289062,84.90422821044922,102.23977661132812,113.19854736328125,299.1338195800781,222.29237365722656,118.58209991455078,140.53683471679688,38.383907318115234
5.279479026794434,407,246,401.4383850097656,150.58802795410156,84.09477996826172,100.38961791992188,117.89358520507812,290.32965087890625,231.47694396972656,117.28490447998047,137.9848175048828,35.15409851074219
5.475920915603638,388,249,408.0251770019531,151.55062866210938,83.47872924804688,101.09984588623047,124.35045623779297,281.9559326171875,233.767578125,117.03289794921875,136.01283264160156,33.06221008300781
5.67038893699646,491,253,364.69439697265625,157.08358764648438,85.91853332519531,100.89405822753906,95.29754638671875,337.255859375,217.8790740966797,108.8388442993164,142.41249084472656,33.49652099609375
5.8434062004089355,467,250,373.9020080566406,157.29672241210938,84.35824584960938,103.1808853149414,102.96656799316406,327.1707763671875,224.9721221923828,111.93936157226562,139.45370483398438,36.219329833984375
6.005864858627319,488,251,362.1590881347656,158.8396453857422,83.85758209228516,98.5554428100586,91.91255187988281,345.75384521484375,220.84432983398438,103.07617950439453,138.64520263671875,33.73807144165039
6.178361177444458,459,261,371.3648376464844,159.78408813476562,79.99154663085938,96.87158966064453,102.7273941040039,330.0218811035156,223.39944458007812,107.8156509399414,133.61444091796875,36.09971618652344
6.338394641876221,442,257,368.83343505859375,155.8907928466797,74.06800842285156,88.36717224121094,102.0378646850586,328.1526794433594,230.18423461914062,108.72694396972656,120.42937469482422,35.5528564453125
6.513235807418823,421,268,371.47674560546875,156.0062255859375,70.13362121582031,85.22032165527344,100.79064178466797,328.4070739746094,225.70130920410156,94.3260726928711,117.36912536621094,42.945098876953125
6.660554647445679,420,265,371.3445129394531,154.6531219482422,70.81884765625,84.51958465576172,98.35501861572266,328.94677734375,226.51617431640625,93.19281005859375,116.70619201660156,43.37053680419922
6.834510803222656,413,255,375.6408996582031,151.53285217285156,72.29486846923828,86.9390869140625,100.12283325195312,324.2613220214844,231.0266876220703,94.30216217041016,118.73802185058594,45.31332778930664
6.987079858779907,408,251,378.14227294921875,150.38818359375,72.93926239013672,87.54063415527344,102.54761505126953,321.2325134277344,233.34323120117188,95.73333740234375,119.79281616210938,47.44889450073242
7.151021718978882,406,254,379.3978576660156,151.666259765625,74.4007797241211,88.17147827148438,105.61067199707031,318.8433837890625,232.88934326171875,97.42281341552734,121.35909271240234,47.61860275268555
7.3090598583221436,407,253,379.9012145996094,151.60316467285156,72.97875213623047,89.97846984863281,104.70760345458984,318.0106506347656,232.93585205078125,97.82762145996094,121.1583480834961,48.75379943847656
7.4501659870147705,373,327,399.3305358886719,176.25930786132812,75.82715606689453,88.50883483886719,125.6008071899414,299.4790344238281,207.87474060058594,107.26174926757812,124.21481323242188,49.25543975830078
7.663448095321655,380,318,397.9134216308594,174.46681213378906,76.05046844482422,89.94763946533203,121.04228210449219,297.892578125,210.19482421875,108.68710327148438,126.2255630493164,50.148319244384766
7.846498727798462,415,252,378.6922607421875,152.72738647460938,74.4758071899414,89.1288833618164,102.4249038696289,320.60882568359375,232.15948486328125,98.9656753540039,123.68334197998047,46.399192810058594
8.012224912643433,416,250,380.01611328125,152.5957794189453,75.77458953857422,90.80921936035156,103.89958190917969,317.6178283691406,232.67376708984375,101.25743103027344,126.11553192138672,47.06526184082031
8.17891550064087,397,328,395.9961853027344,179.74307250976562,80.72895050048828,90.69107818603516,122.89537048339844,305.612548828125,204.1142578125,111.03395080566406,129.61878967285156,38.401790618896484
8.34255051612854,396,382,399.70458984375,195.76231384277344,82.40821075439453,91.11544036865234,137.75430297851562,294.6891784667969,182.80953979492188,118.44257354736328,131.70176696777344,21.271398544311523
8.480106830596924,382,387,398.2181701660156,192.69354248046875,85.15171813964844,92.84122467041016,155.86184692382812,295.00347900390625,184.7126007080078,118.9682388305664,131.22218322753906,25.15648651123047
8.650622844696045,382,387,398.2181701660156,192.69354248046875,85.15171813964844,92.84122467041016,155.86184692382812,295.00347900390625,184.7126007080078,118.9682388305664,131.22218322753906,25.15648651123047
8.889368295669556,353,349,408.468994140625,179.54991149902344,92.84963989257812,96.46268463134766,160.59909057617188,276.14276123046875,200.11062622070312,120.15696716308594,145.29795837402344,50.84642791748047
9.069879055023193,381,341,407.4963684082031,182.8874969482422,84.8506088256836,97.3183822631836,131.07598876953125,280.7412414550781,198.94265747070312,118.76441955566406,137.58824157714844,40.076847076416016
9.22465968132019,389,342,407.90081787109375,181.8629608154297,84.05826568603516,98.35603332519531,134.24502563476562,279.90289306640625,196.92971801757812,122.51516723632812,138.32957458496094,30.67966651916504
9.40076732635498,387,338,408.5870666503906,181.66336059570312,86.522216796875,98.12369537353516,132.6989288330078,279.19573974609375,198.23228454589844,122.56890106201172,138.7559051513672,32.08629608154297
9.583186149597168,382,343,408.0390930175781,181.6466064453125,85.64291381835938,97.60348510742188,140.1611328125,279.1192932128906,198.0787811279297,122.34081268310547,138.49349975585938,30.994760513305664
9.763217687606812,382,343,408.0390930175781,181.6466064453125,85.64291381835938,97.60348510742188,140.1611328125,279.1192932128906,198.0787811279297,122.34081268310547,138.49349975585938,30.994760513305664
9.975079536437988,236,401,467.8570861816406,197.86952209472656,76.1528549194336,95.79002380371094,162.50030517578125,196.70733642578125,182.7707977294922,117.60997772216797,144.23789978027344,1.8029621839523315
10.166351556777954,224,396,447.302001953125,187.9451141357422,80.65677642822266,98.81316375732422,152.8479461669922,228.46902465820312,182.486572265625,129.49266052246094,141.6383514404297,178.95278930664062
10.340597867965698,231,391,445.6634826660156,186.54470825195312,81.5498046875,97.13583374023438,148.82540893554688,229.29714965820312,183.2329864501953,128.12435913085938,139.6968536376953,171.34619140625
10.521939277648926,216,395,446.22686767578125,186.47109985351562,77.98934936523438,94.38117980957031,152.28733825683594,227.55589294433594,184.92361450195312,127.70014953613281,134.82412719726562,176.4864501953125
10.692965984344482,216,392,444.5998840332031,186.10316467285156,77.71947479248047,91.6463851928711,147.87454223632812,228.65896606445312,186.53439331054688,126.3869857788086,131.0767822265625,174.46534729003906
10.82803988456726,141,408,473.4530944824219,193.44972229003906,68.47466278076172,90.67855834960938,161.18499755859375,194.02618408203125,186.9324951171875,116.93547058105469,131.42446899414062,177.15109252929688
10.996297359466553,171,384,462.9601745605469,183.7899169921875,71.35831451416016,90.94229888916016,154.75892639160156,201.539794921875,192.67678833007812,121.50406646728516,130.86639404296875,174.73892211914062
11.174860954284668,193,399,480.17724609375,192.2911376953125,67.17801666259766,93.1781997680664,162.99786376953125,183.77850341796875,185.64303588867188,103.38289642333984,135.83058166503906,5.840479373931885
11.33591079711914,215,370,477.244140625,182.46629333496094,68.84512329101562,93.44001007080078,153.91563415527344,186.25506591796875,193.11883544921875,107.74398803710938,135.47711181640625,9.443638801574707
11.519316673278809,245,373,470.11322021484375,182.99295043945312,72.2340316772461,94.57227325439453,148.1079864501953,192.79656982421875,186.9445037841797,115.48950958251953,136.91827392578125,7.819411754608154
11.678722381591797,253,379,463.9767150878906,182.49534606933594,72.77747344970703,92.02210235595703,152.55125427246094,198.0392303466797,184.83009338378906,118.0234146118164,134.91075134277344,4.677017688751221
11.847927808761597,367,270,415.59710693359375,149.5276336669922,74.63005828857422,93.99540710449219,118.18770599365234,269.4009704589844,222.06509399414062,119.13468933105469,126.12580108642578,47.88232421875
12.02906060218811,410,306,397.8817443847656,159.48008728027344,77.05552673339844,94.65779113769531,112.9809341430664,289.26861572265625,200.1357421875,110.75041961669922,130.58445739746094,38.05930709838867
12.195226430892944,267,302,450.556884765625,155.82476806640625,72.56563568115234,93.53557586669922,137.58187866210938,216.57223510742188,215.47853088378906,116.95101165771484,125.90666198730469,73.75900268554688
12.375103235244751,246,312,479.29010009765625,170.3323974609375,61.642425537109375,95.69244384765625,113.30896759033203,178.380126953125,209.7967987060547,98.8384017944336,132.7919158935547,7.113490581512451
12.51081657409668,239,344,473.4388122558594,170.97169494628906,70.44290161132812,97.9760513305664,150.44142150878906,183.52532958984375,198.44886779785156,112.40457153320312,135.62701416015625,2.0485644340515137
12.680730104446411,194,384,464.0140380859375,178.82994079589844,78.07368469238281,96.04000854492188,149.57186889648438,195.2405242919922,180.89437866210938,123.67433166503906,140.08482360839844,172.97647094726562
12.848376750946045,219,393,457.5841369628906,182.87728881835938,80.46942901611328,97.30695343017578,148.40396118164062,205.7831573486328,176.5875701904297,127.96691131591797,140.77760314941406,160.5540771484375
13.015056610107422,216,404,477.9021911621094,190.50009155273438,74.98552703857422,99.48933410644531,163.43142700195312,174.80770874023438,175.33590698242188,114.8294677734375,143.99322509765625,1.9344429969787598
13.19197416305542,188,423,468.5726013183594,193.43057250976562,80.2796630859375,104.72428894042969,156.7269287109375,186.04452514648438,165.73614501953125,127.53327941894531,144.2504119873047,172.81594848632812
13.359413385391235,196,434,464.56243896484375,194.11920166015625,80.99779510498047,100.02948760986328,158.03298950195312,190.4180908203125,159.44650268554688,130.2095184326172,144.26589965820312,169.3710479736328
13.536793947219849,205,426,461.1400451660156,190.57635498046875,81.7711181640625,97.84998321533203,155.76866149902344,193.66171264648438,161.38665771484375,130.85699462890625,144.67208862304688,169.12384033203125
13.709237337112427,254,404,440.681884765625,181.40994262695312,83.96939086914062,98.79212951660156,146.5791015625,227.37820434570312,166.96072387695312,128.64419555664062,142.68487548828125,171.6710968017578
13.858697652816772,254,401,442.1689147949219,180.24810791015625,84.64013671875,98.61583709716797,145.9796600341797,223.51797485351562,167.1708984375,131.119873046875,143.5179901123047,170.2954559326172
14.035221338272095,256,394,444.49578857421875,179.40663146972656,84.47913360595703,99.16729736328125,141.37432861328125,220.9302520751953,168.95462036132812,128.78915405273438,145.4558563232422,168.0553741455078
14.206124305725098,245,390,446.4061279296875,177.7427978515625,84.72464752197266,99.20719146728516,147.35008239746094,218.82318115234375,172.76132202148438,127.4937744140625,146.1145477294922,169.3887176513672
14.370624542236328,256,383,442.0377197265625,175.679931640625,84.30113983154297,99.9274673461914,142.84262084960938,223.40921020507812,174.75640869140625,128.94155883789062,144.78794860839844,170.8603057861328
14.57214617729187,455,307,391.7774353027344,158.25372314453125,84.7242431640625,99.48917388916016,101.80821990966797,295.4710388183594,187.02305603027344,113.92139434814453,138.88119506835938,24.650575637817383
14.75699257850647,436,307,397.8435363769531,157.23104858398438,85.2886962890625,98.69692993164062,109.5688705444336,289.41937255859375,190.4678955078125,116.40206146240234,137.99465942382812,29.241106033325195
14.90570855140686,422,305,403.0003967285156,156.00039672851562,83.03038787841797,99.13799285888672,113.90850830078125,284.54351806640625,193.7301025390625,116.45512390136719,137.54354858398438,32.39841842651367
15.08158564567566,418,307,405.6037902832031,155.90896606445312,80.83679962158203,97.17798614501953,114.08004760742188,278.9922180175781,193.02960205078125,119.67656707763672,135.0532684326172,28.435760498046875
15.248509407043457,384,277,412.7135314941406,146.42198181152344,78.7688980102539,95.48849487304688,112.57234191894531,270.11004638671875,210.83523559570312,114.34859466552734,130.96585083007812,44.486141204833984
15.427325010299683,368,277,418.44775390625,147.01646423339844,79.76669311523438,95.31047058105469,115.18695068359375,263.6624755859375,212.53652954101562,114.42353820800781,131.6538848876953,48.99775695800781
15.57851505279541,352,277,425.8388366699219,148.126220703125,80.10445404052734,96.2419204711914,120.68414306640625,255.37686157226562,215.08963012695312,115.9200668334961,131.02894592285156,44.97649383544922
15.75853180885315,350,279,431.6763916015625,149.0008087158203,80.37223815917969,98.30675506591797,124.14945983886719,247.89031982421875,214.1365966796875,121.06250762939453,131.0312042236328,34.342498779296875
15.940796375274658,316,267,441.3586730957031,145.46066284179688,77.5607681274414,97.91692352294922,128.91085815429688,234.98541259765625,223.9095458984375,120.9920654296875,127.89527130126953,48.091346740722656
16.109554767608643,312,273,445.5494384765625,147.4736328125,77.6446304321289,98.07906341552734,134.93063354492188,223.65667724609375,222.7928466796875,123.20259094238281,128.41163635253906,25.5756893157959
16.29069471359253,430,242,386.09136962890625,137.2790069580078,82.35466766357422,91.65850067138672,99.84313201904297,299.0260009765625,222.1270751953125,108.62940979003906,134.03981018066406,42.0836181640625
16.46069836616516,474,158,372.67779541015625,119.63067626953125,75.24614715576172,81.16348266601562,7.911824703216553,309.5035400390625,240.82525634765625,94.87889862060547,131.2996826171875,42.3530158996582
16.63728094100952,413,217,381.09600830078125,125.8678970336914,74.04536437988281,84.27942657470703,96.26671600341797,299.7939453125,236.9498748779297,99.09046173095703,125.26488494873047,45.330570220947266
16.843462228775024,400,235,389.1053771972656,133.66156005859375,72.75725555419922,85.8775634765625,100.54425048828125,290.4989929199219,231.86900329589844,103.99061584472656,124.59062194824219,50.19065856933594
16.986497163772583,412,245,399.8738708496094,145.84947204589844,32.59912109375,87.09773254394531,90.23023986816406,290.4989929199219,231.86900329589844,103.99061584472656,124.59062194824219,50.19065856933594
17.153565883636475,366,234,399.3762512207031,133.4249725341797,70.32423400878906,84.9091796875,107.12798309326172,276.5926513671875,237.98931884765625,103.57810974121094,120.02691650390625,57.824153900146484
17.345419883728027,351,253,406.52392578125,140.73876953125,72.08805084228516,85.0952377319336,112.20730590820312,268.2523193359375,231.37167358398438,106.41090393066406,123.2960205078125,65.70557403564453
17.508601188659668,336,263,411.36199951171875,143.61004638671875,70.58773803710938,84.16452026367188,114.6957015991211,262.4803161621094,228.77520751953125,105.1099624633789,122.04139709472656,70.55814361572266
17.69262194633484,377,254,390.01824951171875,138.37789916992188,68.35472869873047,80.36701965332031,102.25125885009766,290.5863952636719,228.758544921875,98.0855941772461,114.52159118652344,55.349769592285156
17.869007110595703,364,257,394.5226745605469,138.61126708984375,67.3724136352539,79.2259292602539,105.40331268310547,284.6874084472656,229.5462646484375,97.92619323730469,113.26529693603516,57.67378616333008
18.031304121017456,358,255,397.7417297363281,138.61325073242188,67.18415832519531,79.66639709472656,107.13986206054688,281.2989196777344,230.90847778320312,98.2963638305664,113.787109375,58.067108154296875
18.17384910583496,366,252,394.97259521484375,138.51895141601562,68.62962341308594,81.06206512451172,105.9798355102539,284.0449523925781,231.9281463623047,99.77847290039062,115.58280944824219,58.642486572265625
18.365774393081665,369,249,394.3283386230469,138.50167846679688,69.55078887939453,82.11333465576172,105.46212005615234,284.3565368652344,232.508056640625,100.5233383178711,117.0025863647461,57.796661376953125
18.57198667526245,372,260,395.9143371582031,142.4866485595703,70.56763458251953,83.72537231445312,106.28375244140625,282.16217041015625,227.40255737304688,103.77912902832031,118.6544189453125,57.529842376708984
18.733876705169678,379,269,394.872802734375,145.95303344726562,71.5474853515625,85.82205200195312,107.29475402832031,282.6595458984375,222.81919860839844,105.14669799804688,119.78380584716797,55.081485748291016
18.905359983444214,382,266,395.297119140625,145.47674560546875,72.71307373046875,87.78665924072266,106.4671401977539,282.9482116699219,223.15745544433594,106.27464294433594,120.64141845703125,54.56309127807617
19.055402517318726,347,322,422.2968444824219,165.7342071533203,76.80037689208984,90.93824768066406,127.5774917602539,270.13287353515625,202.83055114746094,115.68688201904297,125.12506866455078,44.84450912475586
19.269479751586914,355,253,415.79144287109375,144.162353515625,75.09424591064453,90.56758117675781,118.607666015625,288.6854248046875,229.77987670898438,106.3045883178711,124.9076156616211,53.52560806274414
19.452527284622192,385,262,405.759765625,147.88259887695312,76.41465759277344,90.50154876708984,112.44392395019531,307.22900390625,222.6427001953125,103.36676788330078,125.41815185546875,44.6084098815918
19.624773025512695,407,272,398.70172119140625,152.81903076171875,76.10395812988281,92.19097900390625,112.71466827392578,314.0691223144531,216.9771728515625,105.91743469238281,127.95003509521484,41.120330810546875
19.765716791152954,429,263,391.33282470703125,151.29428100585938,78.32435607910156,94.7800521850586,107.42353057861328,321.9478454589844,217.69125366210938,106.27462005615234,130.10841369628906,37.46110153198242
19.97295093536377,426,252,392.8029479980469,147.79811096191406,78.5888900756836,96.21456146240234,108.10115814208984,319.318359375,222.67922973632812,106.91048431396484,131.65432739257812,39.413818359375
20.16083836555481,431,240,393.1236572265625,146.3038330078125,79.26631927490234,97.36553955078125,109.16268920898438,316.89434814453125,229.86000061035156,116.90352630615234,129.02703857421875,34.76845169067383
20.29518175125122,411,246,399.4638671875,147.58287048339844,82.232421875,98.02577209472656,113.15081787109375,310.81585693359375,227.6516571044922,109.35071563720703,133.66293334960938,41.18566131591797
20.43352437019348,404,245,403.09423828125,147.25596618652344,81.53573608398438,98.54193878173828,115.55439758300781,306.43896484375,228.86329650878906,110.73253631591797,134.6183624267578,42.159873962402344
20.629112482070923,394,245,408.3305969238281,147.6203155517578,82.75081634521484,99.20893096923828,118.25324249267578,299.01580810546875,230.0128173828125,113.50768280029297,135.18553161621094,43.17948532104492
20.796250343322754,389,246,409.8760986328125,148.00668334960938,82.76338958740234,99.18914031982422,121.11942291259766,296.22943115234375,230.5677032470703,114.40453338623047,135.5800018310547,43.44196319580078
20.963058710098267,385,250,412.7269287109375,149.44805908203125,83.32894897460938,99.63198852539062,122.3128662109375,293.8075866699219,229.38873291015625,114.86930084228516,135.16061401367188,41.921207427978516
21.12228488922119,380,249,414.0721435546875,148.96060180664062,82.97586822509766,98.82170867919922,123.29852294921875,292.1535339355469,230.68116760253906,114.61133575439453,134.299072265625,41.46400451660156
21.315770626068115,375,248,414.94537353515625,148.33506774902344,82.73314666748047,98.53022766113281,124.0689926147461,290.6744689941406,231.6806640625,113.84012603759766,134.1414337158203,43.22203063964844
21.482847690582275,379,249,413.3768615722656,148.73370361328125,83.30673217773438,99.42152404785156,123.82637786865234,291.381591796875,231.02471923828125,114.84857177734375,133.9858856201172,42.33126449584961
21.651753425598145,356,255,418.05108642578125,146.9534149169922,79.78893280029297,107.61192321777344,98.77552795410156,282.7059326171875,223.18218994140625,85.70240783691406,134.10018920898438,76.7614974975586
21.826866149902344,364,241,420.6595153808594,146.4254150390625,81.5877914428711,99.9183349609375,125.031494140625,281.60064697265625,235.79058837890625,115.41790008544922,133.75790405273438,44.1141242980957
21.969409942626953,362,244,422.9361877441406,147.90179443359375,81.87067413330078,100.17992401123047,126.19710540771484,279.1490478515625,234.6883544921875,116.48989868164062,134.60592651367188,42.19993591308594
22.15747857093811,383,268,428.5987854003906,174.2791748046875,35.85475540161133,101.83914184570312,93.18656158447266,279.1044921875,227.69981384277344,100.69918823242188,149.0275115966797,67.1147689819336
22.32573938369751,370,249,419.02252197265625,149.5489501953125,83.96946716308594,100.83589935302734,126.55865478515625,282.3133850097656,231.5395050048828,117.49111938476562,136.3188934326172,44.027225494384766
22.49720573425293,366,252,422.21240234375,151.30035400390625,84.04190063476562,102.02227783203125,126.82720947265625,279.42327880859375,230.91006469726562,117.99072265625,136.25753784179688,41.712711334228516
22.679964303970337,359,253,425.6693115234375,152.30067443847656,84.62699127197266,103.20796203613281,125.65127563476562,274.5334777832031,230.67047119140625,118.7752685546875,136.53738403320312,46.7332649230957
22.85996961593628,351,256,427.9412841796875,153.2362060546875,83.7332992553711,101.79235076904297,128.24061584472656,269.7681884765625,231.01698303222656,118.80900573730469,135.99569702148438,44.245723724365234
23.021228313446045,342,259,430.8122253417969,153.49925231933594,82.67240142822266,102.04782104492188,131.13746643066406,265.91650390625,231.03468322753906,119.08951568603516,135.1028594970703,45.61845397949219
23.1768741607666,337,263,432.1502990722656,154.54669189453125,81.7728271484375,101.0269546508789,132.35743713378906,263.89300537109375,230.13552856445312,119.0394515991211,135.4282989501953,48.29393005371094
23.346123933792114,335,267,432.9696350097656,155.47802734375,80.87149810791016,99.36140441894531,133.8189697265625,261.3458251953125,228.9102783203125,120.3742446899414,135.0093994140625,44.616580963134766
23.520402193069458,333,275,437.6503601074219,158.68197631835938,81.48421478271484,100.80750274658203,134.4444122314453,251.79617309570312,225.5888214111328,124.55504608154297,135.31170654296875,36.36717224121094
23.692991733551025,329,278,439.86126708984375,159.74404907226562,81.90827178955078,100.89280700683594,136.8675994873047,250.2786865234375,224.56103515625,124.1288833618164,136.095947265625,31.693872451782227
23.861984491348267,327,281,442.2091979980469,160.92462158203125,82.32758331298828,101.80052185058594,139.2589569091797,247.9515380859375,223.1678466796875,125.66405487060547,136.74322509765625,27.075429916381836
24.034887075424194,327,282,443.2256164550781,161.87274169921875,83.18330383300781,102.5052719116211,136.7158203125,247.41690063476562,222.2503204345703,125.21630096435547,137.57736206054688,28.97068214416504
24.21250009536743,327,284,443.1347351074219,161.78428649902344,82.22065734863281,101.41381072998047,138.20071411132812,247.2301483154297,221.33738708496094,125.06147003173828,138.16159057617188,27.749744415283203
24.366524934768677,324,282,443.36297607421875,160.9329833984375,81.49354553222656,100.92076873779297,137.82296752929688,247.0166473388672,222.60487365722656,125.40848541259766,136.63165283203125,32.35074996948242
24.511907815933228,327,276,443.37249755859375,158.2754669189453,81.36017608642578,101.74626922607422,136.80072021484375,246.96871948242188,223.90809631347656,125.13191986083984,136.6171112060547,30.593408584594727
24.722674131393433,332,269,440.8880310058594,154.9485626220703,81.70978546142578,101.54622650146484,136.0006866455078,247.8953857421875,225.9637451171875,124.7353515625,137.69107055664062,33.52244567871094
24.86467432975769,330,268,443.4766845703125,155.50030517578125,82.57029724121094,102.70130920410156,137.3564910888672,247.29129028320312,226.02740478515625,124.87001037597656,138.98667907714844,29.508804321289062
25.057059049606323,328,271,445.8173828125,156.70132446289062,82.6328353881836,103.49169921875,137.02374267578125,244.5806427001953,224.9149169921875,125.76962280273438,138.65057373046875,26.477890014648438
25.18146252632141,324,277,446.94720458984375,158.0748291015625,83.52674102783203,103.12336730957031,140.78709411621094,243.04698181152344,222.87660217285156,126.9117660522461,138.43690490722656,23.17765235900879
25.360772371292114,322,278,451.27154541015625,160.24415588378906,84.93720245361328,108.3897705078125,137.8492889404297,240.30673217773438,221.92431640625,124.95694732666016,139.38111877441406,21.446203231811523
25.538504600524902,314,283,451.83990478515625,160.88284301757812,83.01216888427734,107.41279602050781,141.6038818359375,238.6848602294922,221.5751953125,125.86091613769531,138.11373901367188,27.555843353271484
25.71733260154724,311,289,453.3675537109375,162.64744567871094,81.82341766357422,103.65716552734375,140.37876892089844,234.77980041503906,219.3336944580078,128.41732788085938,136.6414337158203,23.26581382751465
25.879759550094604,220,307,455.16876220703125,163.63174438476562,80.93907165527344,102.60005950927734,142.135009765625,230.81588745117188,216.82611083984375,128.1124725341797,139.6061553955078,178.42857360839844
26.0390682220459,312,294,455.4459533691406,163.9746856689453,81.04878234863281,102.40042114257812,144.28726196289062,230.25083923339844,216.33123779296875,127.70813751220703,140.23291015625,4.618409633636475
26.212587118148804,313,294,456.19195556640625,163.62509155273438,80.7143325805664,102.0351791381836,143.63734436035156,227.42132568359375,216.03073120117188,128.81895446777344,140.97793579101562,1.5502574443817139
26.41161584854126,311,293,456.4247741699219,163.45079040527344,80.34829711914062,102.47586822509766,144.79873657226562,227.25048828125,216.78965759277344,128.976806640625,140.57601928710938,3.1083364486694336
26.602983236312866,309,290,457.466552734375,162.3352508544922,79.46437072753906,101.98133850097656,143.23873901367188,226.2899627685547,217.58932495117188,126.51435089111328,140.7762908935547,1.7010035514831543
26.783185243606567,214,305,457.7099304199219,161.91104125976562,80.73357391357422,102.229248046875,142.09713745117188,226.07284545898438,216.90846252441406,125.97534942626953,139.77969360351562,179.69207763671875
26.964444160461426,295,295,461.8009948730469,163.29254150390625,79.03307342529297,102.16573333740234,145.70941162109375,217.59085083007812,216.69876098632812,126.75369262695312,140.1173553466797,2.790595531463623
27.14446997642517,282,302,465.7975158691406,165.62667846679688,78.1025161743164,101.46148681640625,147.27456665039062,212.58596801757812,215.22479248046875,124.59566497802734,141.0309600830078,7.051403045654297
27.29922604560852,276,307,467.213134765625,166.8294677734375,77.46127319335938,101.8535385131836,148.95155334472656,210.68362426757812,214.12014770507812,124.44143676757812,140.03909301757812,7.433693885803223
27.477535247802734,269,312,468.55035400390625,168.74740600585938,76.67081451416016,100.98014068603516,150.1261749267578,209.18504333496094,212.558837890625,121.1379623413086,141.03399658203125,7.391394138336182
27.640451192855835,265,315,468.5282897949219,168.48013305664062,75.69806671142578,98.90670013427734,151.14356994628906,208.37709045410156,212.2888946533203,121.65323638916016,139.0976104736328,8.860538482666016
27.764899253845215,263,317,468.58563232421875,168.45681762695312,73.17304992675781,95.94888305664062,150.47836303710938,207.95794677734375,211.66915893554688,120.82774353027344,138.1645965576172,6.607170104980469
27.935960054397583,263,316,469.1727294921875,168.60345458984375,72.6436996459961,95.93470764160156,148.5684814453125,207.6520233154297,211.64450073242188,120.20955657958984,137.6675262451172,6.244271278381348
28.12541675567627,261,318,469.3798828125,169.43846130371094,73.49311065673828,96.85614013671875,149.5476531982422,207.37149047851562,211.271240234375,119.89681243896484,137.93727111816406,7.66951322555542
28.343189001083374,290,305,469.3681640625,176.16299438476562,64.7651138305664,86.67874145507812,106.7356185913086,207.37149047851562,211.271240234375,119.89681243896484,137.93727111816406,7.66951322555542
28.55611276626587,193,316,466.4557189941406,167.60134887695312,74.76886749267578,98.77239227294922,149.57716369628906,207.265380859375,215.8573760986328,125.53241729736328,143.36195373535156,176.53785705566406
28.761649131774902,202,319,464.7471923828125,165.87347412109375,76.30297088623047,101.80097961425781,146.36715698242188,214.2039794921875,211.90185546875,124.86239624023438,140.71237182617188,175.7986602783203
28.94638228416443,316,290,451.8684387207031,159.4259796142578,82.95979309082031,104.92669677734375,138.89334106445312,248.07443237304688,215.21749877929688,124.237060546875,137.87306213378906,40.56303024291992
29.15223503112793,374,278,434.370361328125,152.4163818359375,86.61697387695312,108.22903442382812,130.0809783935547,268.2972412109375,210.84332275390625,123.8737564086914,141.19728088378906,27.49053192138672
29.325554847717285,358,269,434.431884765625,147.30613708496094,83.48892974853516,101.46504974365234,133.2325439453125,267.3240966796875,216.35726928710938,120.04434967041016,140.11106872558594,35.984397888183594
29.484520435333252,358,271,433.66650390625,147.3495330810547,82.61553955078125,101.449462890625,135.9054718017578,267.572265625,216.70547485351562,120.93004608154297,139.33164978027344,35.711883544921875
29.65146780014038,357,269,433.1519775390625,147.51162719726562,83.34098052978516,102.88859558105469,135.28697204589844,268.2206115722656,217.916259765625,119.67456817626953,140.32315063476562,39.25993728637695
29.88263773918152,358,262,431.7839050292969,145.07740783691406,82.80815124511719,101.96311950683594,136.02464294433594,269.21466064453125,221.38339233398438,120.37992858886719,138.8761444091797,37.09107971191406
30.05501937866211,365,249,425.3262023925781,139.41036987304688,79.32584381103516,100.26394653320312,138.69882202148438,277.19586181640625,227.6116943359375,116.07184600830078,138.50222778320312,35.85786056518555
30.22646141052246,368,245,422.8711242675781,137.42112731933594,81.1435546875,97.81531524658203,136.4741973876953,281.035888671875,227.79006958007812,116.40461730957031,138.540283203125,40.6358528137207
30.394999027252197,370,241,421.5722961425781,136.12567138671875,80.10396575927734,97.70083618164062,138.22694396972656,284.73175048828125,230.01712036132812,114.68289947509766,139.15830993652344,39.006309509277344
30.54333806037903,371,234,420.6094665527344,133.60400390625,80.12657928466797,96.78242492675781,137.80487060546875,288.9441833496094,232.3035888671875,112.47561645507812,139.1313018798828,37.83496856689453
30.720550775527954,369,229,418.42120361328125,130.79185485839844,78.6258773803711,95.87248992919922,141.59397888183594,291.121337890625,235.37437438964844,109.62769317626953,138.8242645263672,37.13341522216797
30.894692420959473,369,228,417.2149963378906,129.22369384765625,76.11804962158203,97.88439178466797,146.17245483398438,292.6512756347656,237.3167724609375,109.21319580078125,137.53042602539062,38.001041412353516
31.06846833229065,364,226,416.454833984375,127.0863037109375,75.59408569335938,95.42335510253906,150.9998321533203,292.16534423828125,238.95166015625,109.74472045898438,137.57928466796875,39.34885025024414
31.240618228912354,363,218,418.9277038574219,126.26192474365234,75.8822021484375,96.77970886230469,143.20028686523438,287.93109130859375,241.92831420898438,106.72006225585938,135.65660095214844,33.97624969482422
31.41112995147705,363,209,419.34600830078125,124.17498779296875,74.6811752319336,97.0201187133789,141.98043823242188,288.4624328613281,245.611328125,104.11587524414062,137.0296173095703,34.16243362426758
31.5547456741333,356,201,418.6253356933594,119.46544647216797,73.86560821533203,95.4168472290039,149.0685577392578,288.37774658203125,249.85202026367188,99.3012466430664,137.788330078125,29.32964324951172
31.750293016433716,354,198,418.58575439453125,118.61482238769531,71.43424224853516,97.02635955810547,151.25946044921875,288.09844970703125,252.795654296875,99.08151245117188,136.59979248046875,30.40877914428711
31.901403665542603,346,200,419.01885986328125,116.24942016601562,70.80870056152344,93.50167846679688,159.4222869873047,285.9880676269531,253.44773864746094,98.37267303466797,136.7813262939453,27.47163200378418
32.07286310195923,359,200,414.8410949707031,117.59468841552734,71.40973663330078,94.57913208007812,154.12997436523438,294.4895324707031,251.5625762939453,102.04041290283203,137.05856323242188,36.178993225097656
32.23832583427429,359,198,413.69293212890625,117.32054138183594,71.35623168945312,92.9213638305664,154.4167022705078,295.3753662109375,252.51556396484375,101.36389923095703,137.69154357910156,36.092994689941406
32.42332100868225,361,199,417.7626647949219,119.2677001953125,69.8031234741211,99.82759857177734,154.29254150390625,288.4967041015625,252.07879638671875,103.39399719238281,138.68218994140625,33.492759704589844
32.5864200592041,367,203,413.4223937988281,119.67982482910156,75.09016418457031,97.07241821289062,152.0293731689453,295.44482421875,248.73837280273438,104.73848724365234,139.4638671875,37.63420486450195
32.74512028694153,371,202,412.8916320800781,119.28048706054688,74.13166809082031,97.24332427978516,149.6693572998047,296.0763854980469,248.17355346679688,101.74382781982422,140.2301025390625,34.8834228515625
32.91036057472229,361,198,419.18994140625,118.694091796875,71.36978149414062,102.45285034179688,151.26795959472656,284.9782409667969,251.83718872070312,101.8180160522461,136.869384765625,28.2735652923584
33.08927035331726,357,203,415.75958251953125,121.682861328125,76.81446838378906,96.6552963256836,147.492919921875,287.3728332519531,249.58648681640625,92.87852478027344,142.4686737060547,30.19116973876953
33.24347996711731,415,278,412.669921875,153.11947631835938,89.4906005859375,105.9710922241211,127.6993408203125,289.8128662109375,208.05567932128906,122.2412109375,146.54727172851562,31.436357498168945
33.44075655937195,411,294,412.27484130859375,156.5797576904297,87.7059097290039,106.73799133300781,136.65870666503906,285.6267395019531,203.61990356445312,119.91777801513672,148.66482543945312,26.0826473236084
33.5869300365448,390,325,425.4091491699219,170.99485778808594,92.18022155761719,109.84172058105469,138.1943817138672,274.33526611328125,192.09490966796875,117.79301452636719,153.9732666015625,21.807044982910156
33.75602388381958,404,294,418.9891052246094,160.33914184570312,90.17704010009766,107.42894744873047,130.4101104736328,280.8681335449219,203.4163818359375,122.45087432861328,147.49864196777344,23.970325469970703
33.95236277580261,399,308,419.7389831542969,164.0852813720703,87.14572143554688,105.49166870117188,131.6746063232422,279.55780029296875,199.15948486328125,122.43074798583984,144.4371337890625,23.079256057739258
34.13578963279724,381,322,423.04022216796875,167.2525634765625,84.50641632080078,101.59303283691406,135.4163818359375,275.45330810546875,196.16305541992188,118.66524505615234,142.01490783691406,22.7895565032959
34.28596067428589,345,322,427.78021240234375,161.48727416992188,94.24166107177734,104.24642944335938,142.30416870117188,263.8524475097656,196.91554260253906,116.55628204345703,141.00059509277344,52.62049865722656
34.49528765678406,366,304,428.53277587890625,164.37124633789062,85.67772674560547,105.61750030517578,132.9306640625,267.2101745605469,205.3614044189453,113.8406982421875,145.09176635742188,29.75695037841797
34.7006995677948,370,303,429.07208251953125,165.330810546875,86.02727508544922,106.24810791015625,130.8250274658203,267.83123779296875,204.36337280273438,111.72261047363281,148.79708862304688,27.907899856567383
34.87962079048157,367,308,429.49383544921875,166.35409545898438,87.95662689208984,105.6935806274414,133.28018188476562,266.3371276855469,202.7621307373047,113.66735076904297,148.685546875,27.41575050354004
35.05945944786072,365,307,429.95465087890625,165.67660522460938,86.76517486572266,106.50274658203125,134.92388916015625,265.90936279296875,203.94664001464844,113.78541564941406,147.78134155273438,27.975244522094727
35.28271818161011,369,305,428.11956787109375,165.89996337890625,87.83648681640625,106.15821838378906,131.4990234375,266.760009765625,204.18914794921875,114.30218505859375,147.2154998779297,28.493860244750977
35.467195987701416,368,306,428.8576965332031,166.0344696044922,88.07205200195312,106.5506820678711,133.79147338867188,265.4390563964844,203.81832885742188,114.77933502197266,148.40765380859375,29.191911697387695
35.62783193588257,367,285,429.3087158203125,159.6478729248047,88.5949478149414,105.73467254638672,131.83103942871094,263.8397521972656,212.4902801513672,115.62836456298828,148.68453979492188,30.01331329345703
35.782914876937866,364,271,432.0826416015625,155.85195922851562,90.57669067382812,110.11602783203125,127.71971893310547,263.5491638183594,217.8271942138672,112.67926788330078,145.5633544921875,26.41193199157715
35.96560549736023,354,262,431.4938659667969,150.621826171875,86.29927062988281,107.3808364868164,136.2609405517578,261.9276123046875,224.52182006835938,111.82315063476562,143.66197204589844,25.81691551208496
36.13570237159729,350,260,433.0748596191406,149.97747802734375,84.98030853271484,105.6226577758789,137.98631286621094,259.47015380859375,225.97344970703125,113.01361846923828,145.10972595214844,28.473644256591797
36.275758266448975,347,262,433.5723876953125,150.06422424316406,84.06526184082031,104.80844116210938,136.2509002685547,258.9480285644531,225.70005798339844,112.5262680053711,141.62030029296875,26.245487213134766
36.465336322784424,338,263,433.72418212890625,148.90924072265625,80.8504638671875,104.66949462890625,145.00059509277344,256.6976318359375,227.77279663085938,110.68550872802734,143.4005126953125,31.955751419067383
36.62782526016235,340,254,435.9549560546875,147.765869140625,82.31076049804688,105.84990692138672,138.02952575683594,255.72210693359375,229.72267150878906,110.21074676513672,142.22640991210938,28.734235763549805
36.829705238342285,338,254,435.95208740234375,147.9415283203125,81.74268341064453,107.76223754882812,141.7117156982422,254.11746215820312,230.43994140625,109.5008316040039,144.5051727294922,30.553068161010742
36.980329751968384,340,249,435.99853515625,146.43157958984375,83.88724517822266,106.74166870117188,138.71734619140625,255.1643829345703,231.7395782470703,109.49376678466797,144.8114471435547,30.384693145751953
37.12608766555786,354,247,427.97314453125,142.59385681152344,83.84040069580078,103.68574523925781,140.99627685546875,261.806884765625,231.36721801757812,114.81999969482422,142.9230499267578,31.27653694152832
37.297197341918945,365,250,419.2686767578125,139.6868438720703,82.23328399658203,100.1595458984375,147.49916076660156,271.0025634765625,230.2940673828125,112.6570053100586,141.6307373046875,23.34821891784668
37.510955572128296,376,246,414.2453308105469,138.11485290527344,83.36852264404297,99.94606018066406,146.38938903808594,276.6600036621094,230.54232788085938,116.3952407836914,142.1573486328125,29.335426330566406
37.686402559280396,385,246,408.56829833984375,137.3646240234375,85.40496063232422,98.89154052734375,147.1024169921875,282.19476318359375,229.91506958007812,116.7532958984375,142.62945556640625,30.5838565826416
37.88089179992676,403,229,403.4393310546875,135.16693115234375,87.03624725341797,98.96398162841797,133.96307373046875,287.4613037109375,234.86090087890625,125.09400177001953,140.12493896484375,36.363059997558594
38.098876953125,400,248,394.0767822265625,134.01063537597656,84.82633972167969,97.12860870361328,154.04916381835938,299.8811950683594,229.44239807128906,113.16947174072266,141.90794372558594,36.20795440673828
38.31267046928406,414,250,388.53094482421875,134.608154296875,88.15070343017578,97.15670776367188,151.26710510253906,307.3167724609375,226.2969970703125,111.23697662353516,142.97030639648438,31.19308853149414
38.491889238357544,432,248,382.3416442871094,135.82827758789062,90.26848602294922,96.0439453125,139.13111877441406,314.742431640625,223.67498779296875,110.30763244628906,144.22491455078125,32.72903060913086
38.683876752853394,460,239,375.0975341796875,135.8443603515625,89.14756774902344,94.53874206542969,115.76774597167969,321.4256286621094,220.7232208251953,109.39910888671875,143.83547973632812,31.232648849487305
38.95107293128967,479,229,372.9014892578125,136.91668701171875,90.00289916992188,97.1690673828125,94.73368835449219,324.4977111816406,219.642333984375,108.65421295166016,143.9337921142578,31.011743545532227
39.16843056678772,512,228,357.2304382324219,138.25851440429688,86.20138549804688,97.47205352783203,76.80348205566406,341.6436462402344,214.98538208007812,101.85008239746094,141.65872192382812,28.62203025817871
39.34681177139282,514,230,354.2713623046875,138.6890106201172,85.9542236328125,97.17916870117188,77.28338623046875,344.935546875,214.13095092773438,99.81281280517578,140.70103454589844,28.26511001586914
39.51686501502991,522,234,349.8670654296875,139.1688232421875,84.03654479980469,100.68685913085938,79.51374053955078,349.1736755371094,212.40968322753906,98.10606384277344,139.65025329589844,27.59006690979004
39.71067667007446,530,239,344.7546081542969,141.56353759765625,84.06428527832031,100.84520721435547,75.3733901977539,352.2755126953125,209.88462829589844,97.41096496582031,138.1332244873047,27.363061904907227
39.869967222213745,535,242,342.90020751953125,142.51992797851562,82.64610290527344,101.45948028564453,73.51390838623047,353.4403381347656,207.85272216796875,97.24149322509766,137.4432830810547,26.688106536865234
40.02027440071106,534,245,342.9568786621094,143.6881103515625,84.62702941894531,100.32792663574219,74.75428009033203,353.8612060546875,206.54714965820312,97.70711517333984,137.73097229003906,25.55893898010254
40.20650601387024,537,245,342.77801513671875,143.90972900390625,85.07190704345703,100.15438079833984,73.79989624023438,353.62432861328125,205.7418212890625,98.61093139648438,138.49581909179688,25.329753875732422
40.370898485183716,505,268,364.99945068359375,153.77099609375,95.17573547363281,99.99238586425781,87.35047912597656,332.08563232421875,200.9608154296875,110.82536315917969,141.4889373779297,23.441701889038086
40.56395101547241,508,273,365.2071228027344,156.2910614013672,96.8240737915039,101.44119262695312,88.15913391113281,330.68896484375,198.84188842773438,112.63627624511719,142.7583465576172,23.665145874023438
40.73632764816284,507,277,366.5926513671875,158.2146759033203,97.1057357788086,102.5321044921875,90.54389190673828,329.0652770996094,197.4796905517578,113.79031372070312,143.48431396484375,22.655868530273438
40.894611835479736,506,289,369.8603210449219,162.9534149169922,98.32405853271484,103.99635314941406,94.05027770996094,325.3436584472656,193.13352966308594,116.49639129638672,143.8333740234375,19.289718627929688
41.05422806739807,502,303,372.2030029296875,168.91616821289062,99.16974639892578,104.7181625366211,99.69280242919922,323.7201843261719,189.33233642578125,116.82496643066406,146.7941131591797,18.582714080810547
41.24611711502075,504,311,372.97113037109375,172.17413330078125,99.57369232177734,105.00859069824219,99.19037628173828,322.57891845703125,184.91204833984375,115.093017578125,149.254638671875,17.89481544494629
41.42397332191467,508,349,372.51708984375,182.0332489013672,90.41407775878906,116.75360107421875,85.15595245361328,320.0854187011719,167.25448608398438,118.88636016845703,131.86874389648438,39.48909378051758
41.54748296737671,498,346,374.7532043457031,183.198974609375,98.25128173828125,102.0708236694336,103.31817626953125,316.81475830078125,172.14590454101562,117.85445404052734,144.59120178222656,11.510202407836914
41.77993440628052,493,351,376.68304443359375,184.56893920898438,98.44587707519531,101.99012756347656,105.32288360595703,314.7428894042969,171.01644897460938,118.5114517211914,144.54151916503906,11.912290573120117
41.955021381378174,480,370,379.7858581542969,188.58456420898438,99.9832534790039,102.69466400146484,121.78113555908203,311.9725341796875,166.59544372558594,119.68869018554688,145.78570556640625,9.60668659210205
42.11149621009827,541,325,385.21026611328125,190.3098907470703,99.90007781982422,111.70601654052734,35.32671356201172,308.335205078125,162.9288330078125,121.55641174316406,146.43142700195312,8.829623222351074
42.27422547340393,534,337,387.115234375,193.09085083007812,100.46430969238281,111.54183959960938,43.86034393310547,306.3457946777344,159.69708251953125,120.98829650878906,146.88247680664062,6.611748218536377
42.45466375350952,537,341,388.196533203125,199.013916015625,101.09012603759766,103.96881866455078,23.962404251098633,303.2977294921875,155.58984375,122.02296447753906,145.2376708984375,4.437404155731201
42.62454414367676,538,345,391.2163391113281,198.89584350585938,99.68711853027344,113.40046691894531,30.91202163696289,302.1188659667969,153.40960693359375,120.7542953491211,146.42556762695312,4.825088977813721
42.794049978256226,422,384,392.8251953125,202.1800079345703,98.85836791992188,112.661865234375,34.377174377441406,300.1861267089844,150.24151611328125,121.92986297607422,146.1768035888672,178.35096740722656
42.967617988586426,488,349,431.7430419921875,210.09963989257812,94.54368591308594,110.90029907226562,3.955336570739746,257.59820556640625,151.4517822265625,135.40167236328125,159.4176483154297,32.29443359375
43.118696451187134,357,441,431.4761962890625,208.64212036132812,103.61305236816406,114.9859619140625,161.55039978027344,256.83868408203125,151.5296630859375,132.69479370117188,155.03607177734375,34.44320297241211
43.28677439689636,372,423,431.04425048828125,203.00128173828125,103.71028900146484,129.63192749023438,166.111328125,258.7079162597656,158.0247039794922,129.32298278808594,157.9279022216797,26.369647979736328
43.451030015945435,370,387,433.23394775390625,190.1788787841797,103.0107192993164,122.53553009033203,161.09210205078125,254.7225341796875,168.72506713867188,122.88468170166016,166.08482360839844,22.353206634521484
43.607027769088745,351,396,437.2775573730469,189.38975524902344,94.82752990722656,120.33113861083984,170.29690551757812,252.68637084960938,169.0377197265625,120.22868347167969,160.37014770507812,17.644241333007812
43.772703409194946,336,403,439.67364501953125,189.7174072265625,96.64324188232422,116.05403900146484,174.08456420898438,252.4512481689453,167.18238830566406,118.24034118652344,156.87918090820312,13.179459571838379
43.95642566680908,347,383,439.38031005859375,184.2869873046875,98.13681030273438,114.57339477539062,162.19740295410156,255.7757568359375,172.1435546875,119.69905853271484,153.9243621826172,13.384600639343262
44.15385365486145,343,393,439.2047424316406,185.0081329345703,96.28373718261719,114.49978637695312,170.0350799560547,255.65582275390625,168.92718505859375,121.10406494140625,153.6875762939453,12.526360511779785
44.32880425453186,366,388,434.6670837402344,187.44699096679688,86.72150421142578,106.5734634399414,152.4832763671875,256.605224609375,167.82989501953125,121.6715087890625,155.73944091796875,10.350412368774414
44.51166772842407,342,378,438.89935302734375,180.44061279296875,101.20550537109375,112.5510025024414,168.7877197265625,256.8074035644531,174.75112915039062,121.78501892089844,153.87533569335938,11.809141159057617
44.67652916908264,370,368,438.00714111328125,184.496337890625,92.37262725830078,115.7353515625,143.7552490234375,256.4688720703125,175.157470703125,121.7092056274414,153.47035217285156,12.912674903869629
44.89516639709473,350,358,441.26171875,180.25628662109375,89.2310562133789,111.51419067382812,146.29119873046875,250.93624877929688,182.5380096435547,118.75242614746094,151.33090209960938,15.342772483825684
45.029435873031616,350,350,440.11578369140625,176.446533203125,86.93444061279297,107.52574920654297,140.6021728515625,250.17787170410156,184.37539672851562,118.71833038330078,148.7888946533203,21.387361526489258
45.20977544784546,347,335,441.22235107421875,171.64566040039062,86.02804565429688,106.89065551757812,138.13328552246094,250.2450408935547,190.78915405273438,115.85115814208984,148.05084228515625,22.34457778930664
45.38083744049072,341,323,442.9852600097656,167.33248901367188,84.31100463867188,106.12139892578125,137.64088439941406,248.38461303710938,196.4397430419922,114.11524963378906,146.23483276367188,20.86398696899414
45.552696228027344,335,308,443.77239990234375,163.65432739257812,84.90711212158203,105.25988006591797,136.8587188720703,247.44285583496094,203.68980407714844,111.56852722167969,146.6224365234375,22.60906982421875
45.75442695617676,326,303,444.14129638671875,161.114501953125,82.71530151367188,103.06646728515625,137.8493194580078,247.02883911132812,207.53964233398438,109.09970092773438,144.50892639160156,26.61243438720703
45.92882251739502,314,300,446.301025390625,160.08351135253906,81.03950500488281,102.01812744140625,137.10052490234375,243.9821014404297,210.6466522216797,106.69550323486328,139.9794464111328,28.486530303955078
46.103322982788086,311,291,450.0260009765625,158.04660034179688,80.1587905883789,104.68736267089844,134.89697265625,241.732421875,214.33135986328125,103.55023956298828,140.3606719970703,24.89303970336914
46.26961135864258,259,316,454.1858215332031,152.387451171875,87.88966369628906,101.27423095703125,140.20220947265625,232.14599609375,203.8347625732422,101.0155029296875,124.95628356933594,71.94112396240234
46.435150146484375,278,291,457.6096496582031,159.02432250976562,75.43505859375,98.78169250488281,138.4311981201172,234.81488037109375,218.72384643554688,90.6076889038086,141.74839782714844,25.527254104614258
46.64174175262451,253,304,465.7458801269531,163.7720184326172,74.76110076904297,98.0032730102539,142.7803955078125,227.5365447998047,216.16641235351562,84.07437133789062,143.99017333984375,24.289039611816406
46.80870270729065,246,309,470.1775817871094,166.85386657714844,75.40412902832031,101.45988464355469,145.73846435546875,222.73915100097656,214.23516845703125,82.2907485961914,148.69430541992188,23.701656341552734
47.00613594055176,213,332,472.2261047363281,167.85304260253906,75.40955352783203,101.73596954345703,146.55252075195312,201.4219970703125,204.31427001953125,121.20098114013672,136.0594482421875,124.68391418457031
47.186911821365356,152,403,481.6706237792969,169.53213500976562,70.6272964477539,103.06930541992188,111.65554809570312,203.15731811523438,171.35092163085938,43.22451400756836,82.34307098388672,95.61128234863281
47.36163401603699,173,303,482.3291931152344,161.82461547851562,70.2952651977539,103.35559844970703,148.3340606689453,190.07958984375,220.48501586914062,123.76325988769531,132.38458251953125,159.095458984375
47.53527355194092,171,291,490.7772216796875,161.7492218017578,68.38041687011719,103.97723388671875,148.5657196044922,178.84494018554688,226.1086883544922,118.36662292480469,136.48422241210938,135.07357788085938
47.69805979728699,160,283,495.5887451171875,162.4589385986328,66.29834747314453,111.77278137207031,149.05691528320312,171.68838500976562,230.604248046875,115.05242156982422,136.5198211669922,141.93914794921875
47.87870502471924,161,286,495.3626708984375,162.80657958984375,67.86370849609375,107.7626724243164,150.93067932128906,167.5626678466797,229.21922302246094,119.29222106933594,137.119873046875,134.1862335205078
48.03823471069336,157,281,499.9034423828125,162.45809936523438,64.43360137939453,108.72865295410156,152.21389770507812,158.21514892578125,230.04965209960938,112.92252349853516,145.09169006347656,133.97161865234375
48.22117257118225,146,286,502.2079162597656,163.8608856201172,63.56817626953125,109.6204605102539,153.2006378173828,155.007568359375,229.0643310546875,112.73294067382812,142.1888427734375,140.7775421142578
48.37045741081238,140,288,502.13916015625,163.9618682861328,63.07374954223633,107.94300079345703,154.10121154785156,155.01614379882812,229.56361389160156,113.29863739013672,140.49667358398438,144.7298583984375
48.53236246109009,151,281,501.5305480957031,163.34268188476562,64.28398895263672,112.84222412109375,152.4213409423828,156.61856079101562,231.10665893554688,114.20700073242188,142.38861083984375,142.38429260253906
48.70931553840637,168,266,496.5058898925781,157.18374633789062,65.4749526977539,111.03412628173828,150.10874938964844,164.7297821044922,235.14535522460938,112.66102600097656,145.2158203125,136.7159423828125
48.89283537864685,177,244,488.4727783203125,149.17630004882812,67.31614685058594,115.42617797851562,140.16238403320312,186.15553283691406,243.83953857421875,114.00848388671875,133.54432678222656,158.10586547851562
49.04433751106262,190,233,480.4297180175781,143.7703857421875,71.24596405029297,114.01634979248047,138.78622436523438,196.6898651123047,246.20999145507812,117.2201156616211,134.9344482421875,164.84765625
49.234440088272095,291,212,467.18487548828125,137.6898956298828,74.08769989013672,110.32255554199219,134.90182495117188,219.5077362060547,248.8258514404297,105.41728973388672,138.6864013671875,9.029985427856445
49.4008731842041,317,215,447.62078857421875,130.95687866210938,71.13750457763672,102.80513763427734,147.7933807373047,235.70040893554688,248.39395141601562,111.65151977539062,137.8561248779297,11.0634765625
49.60225176811218,331,207,441.3832702636719,126.95896911621094,72.670166015625,105.3078384399414,149.05999755859375,245.18679809570312,249.96047973632812,110.7480239868164,139.08309936523438,14.292468070983887
49.75663232803345,340,200,433.56646728515625,122.45038604736328,70.02378845214844,104.1926498413086,150.82887268066406,255.3764190673828,252.91424560546875,107.0967025756836,137.76556396484375,19.634557723999023
49.921730041503906,352,191,426.0809020996094,118.010986328125,72.1266860961914,100.49376678466797,141.887451171875,265.07672119140625,253.81829833984375,103.12166595458984,137.8481903076172,23.970590591430664
50.136924266815186,356,195,419.4062194824219,113.93556213378906,68.06373596191406,101.4072494506836,155.14132690429688,265.07672119140625,253.81829833984375,103.12166595458984,137.8481903076172,23.970590591430664
50.33952474594116,362,185,417.8896789550781,112.96961975097656,70.16307067871094,98.48059844970703,150.87802124023438,280.4034729003906,256.1168212890625,99.97380065917969,141.18145751953125,28.798805236816406
50.52767634391785,369,194,409.671142578125,114.11834716796875,72.67332458496094,97.80328369140625,157.11619567871094,288.6214599609375,252.97694396972656,99.5996322631836,141.54678344726562,29.12570571899414
50.70872235298157,388,199,402.5528259277344,115.3360366821289,70.2589111328125,111.94699096679688,164.8419189453125,292.0635986328125,252.8712158203125,102.17032623291016,140.663330078125,29.704973220825195
50.88663339614868,389,203,401.6378479003906,119.52879333496094,77.13054656982422,101.20991516113281,156.0877685546875,298.8785705566406,247.85853576660156,99.04721069335938,146.60882568359375,30.288881301879883
51.041019916534424,389,209,399.08795166015625,117.85701751708984,74.53360748291016,100.77122497558594,165.4940185546875,302.2548522949219,246.17877197265625,98.94338989257812,147.14456176757812,30.958478927612305
51.21313738822937,489,128,392.6697692871094,116.42404174804688,88.32276916503906,96.61436462402344,2.82700777053833,311.508544921875,242.8216552734375,102.3191909790039,144.82447814941406,34.19881057739258
51.44337868690491,325,226,377.6285400390625,119.30244445800781,77.83724975585938,97.7666015625,178.07156372070312,320.896728515625,259.799560546875,73.96652221679688,118.18547821044922,69.49282836914062
51.618022203445435,528,159,361.0102844238281,121.00765991210938,82.54112243652344,98.01300048828125,22.45260238647461,343.2770080566406,230.31793212890625,97.2805404663086,145.5208282470703,36.104515075683594
51.80994749069214,557,175,347.06494140625,126.3228988647461,83.43974304199219,99.83201599121094,16.691146850585938,356.25518798828125,219.34072875976562,94.48600006103516,145.86444091796875,30.119258880615234
51.98577880859375,556,200,339.5441589355469,129.0808563232422,86.95540618896484,100.58876037597656,44.69198226928711,361.9911804199219,213.1973876953125,94.42044067382812,145.0717315673828,29.557668685913086
52.162776947021484,563,209,333.3111267089844,131.07876586914062,87.51582336425781,102.86138153076172,49.44393539428711,366.37823486328125,209.79214477539062,92.176513671875,144.0775909423828,27.699186325073242
52.368582010269165,572,210,329.6399841308594,133.05140686035156,85.80455780029297,103.70834350585938,43.02492904663086,369.0384826660156,208.12411499023438,91.5884017944336,143.1851348876953,27.241806030273438
52.54641389846802,571,213,330.9169616699219,133.73550415039062,85.27661895751953,103.66860961914062,43.36323165893555,368.14080810546875,206.9365234375,92.85270690917969,142.18551635742188,27.398006439208984
52.741698026657104,551,247,346.4665222167969,145.93008422851562,93.1001968383789,103.2741470336914,64.8063735961914,351.245849609375,198.2364501953125,103.88578033447266,143.11227416992188,23.058338165283203
52.90581154823303,559,253,350.5906066894531,154.42222595214844,99.7458724975586,103.9071044921875,46.5740966796875,344.9349670410156,192.13784790039062,109.37353515625,144.21913146972656,21.799047470092773
53.08224034309387,568,263,355.6811218261719,162.76852416992188,101.88569641113281,105.19596099853516,31.162189483642578,339.48138427734375,185.32843017578125,115.56022644042969,143.35731506347656,19.821521759033203
53.25883412361145,565,279,360.4886169433594,168.6810760498047,102.9277114868164,105.51544189453125,36.14765167236328,336.2087097167969,178.88665771484375,117.94563293457031,145.1817169189453,19.124588012695312
53.41648888587952,552,320,363.4649963378906,177.2030029296875,104.70500183105469,108.54277038574219,76.66755676269531,333.80084228515625,168.6694793701172,119.11560821533203,152.3649444580078,19.243408203125
53.61958885192871,540,340,366.8916015625,183.27542114257812,104.8783187866211,108.08686828613281,84.95145416259766,331.28765869140625,163.57952880859375,121.21569061279297,148.21823120117188,18.730331420898438
53.75884008407593,534,363,372.495849609375,193.1303253173828,105.25333404541016,105.96794891357422,83.37723541259766,326.0373229980469,154.8333740234375,122.14964294433594,145.94154357910156,11.631842613220215
53.89083218574524,489,414,378.150634765625,197.705078125,103.8712387084961,110.97430419921875,148.78086853027344,322.3953552246094,149.55751037597656,124.39618682861328,148.18460083007812,11.154363632202148
54.10561776161194,562,340,384.8690490722656,199.6129150390625,104.16757202148438,107.38043212890625,15.914261817932129,313.83837890625,149.35302734375,125.14208984375,145.37588500976562,2.857253313064575
54.26411175727844,450,425,394.1435852050781,202.43789672851562,107.64183807373047,113.55167388916016,154.13232421875,306.14459228515625,149.87448120117188,125.42131042480469,145.16746520996094,3.2274246215820312
54.433391094207764,254,456,438.81011962890625,202.82794189453125,101.51908111572266,119.72239685058594,174.46707153320312,255.32781982421875,155.6278076171875,129.9277801513672,151.60617065429688,179.92312622070312
54.65037226676941,350,434,442.5609130859375,206.18504333496094,98.37406921386719,122.60167694091797,173.4492645263672,242.94773864746094,155.77999877929688,140.4446563720703,161.90863037109375,22.290733337402344
54.85596227645874,344,438,446.8109436035156,206.6010284423828,98.26255798339844,125.43698120117188,175.08816528320312,238.79408264160156,153.56271362304688,139.49346923828125,161.62864685058594,14.391220092773438
55.01933217048645,338,440,448.96136474609375,208.2045135498047,97.39276885986328,127.09213256835938,177.04177856445312,235.85205078125,154.1641082763672,139.79249572753906,161.75340270996094,14.34226131439209
55.2074773311615,331,440,448.9058837890625,207.96092224121094,96.78120422363281,123.39019012451172,178.65528869628906,236.5597686767578,154.99630737304688,136.34124755859375,162.61195373535156,12.881781578063965
55.4208288192749,338,436,449.14129638671875,207.0060577392578,98.71653747558594,123.55928802490234,173.77371215820312,236.6642303466797,154.48171997070312,138.6800537109375,162.1138458251953,10.626771926879883
55.59306359291077,210,541,449.14129638671875,207.0060577392578,98.71653747558594,123.55928802490234,173.77371215820312,238.01324462890625,106.50283813476562,45.62535858154297,126.46024322509766,89.90536499023438
55.773964405059814,273,440,451.218994140625,198.56298828125,96.65553283691406,128.6860809326172,162.13027954101562,233.18780517578125,155.13198852539062,140.47549438476562,144.30543518066406,145.3716278076172
55.89127469062805,312,395,458.9183349609375,192.46836853027344,98.5859603881836,122.97742462158203,174.55740356445312,225.21975708007812,171.66677856445312,132.4923858642578,163.26419067382812,6.789550304412842
56.083006858825684,323,375,459.93585205078125,191.62188720703125,86.77507781982422,119.42294311523438,155.9165802001953,218.89773559570312,178.6285400390625,131.84251403808594,164.29974365234375,12.43878173828125
56.25199341773987,277,366,469.549072265625,186.980224609375,83.52064514160156,117.57221221923828,155.88345336914062,211.95046997070312,187.4439239501953,111.49784851074219,154.97572326660156,5.851308822631836
56.425623178482056,247,338,476.8265075683594,179.614013671875,79.73269653320312,114.62322235107422,157.97068786621094,204.26116943359375,203.54579162597656,102.87316131591797,154.5636444091797,12.326325416564941
56.63977575302124,160,325,485.863037109375,170.69888305664062,72.52227783203125,108.07453918457031,156.27197265625,183.5411376953125,213.6759490966797,122.2911376953125,138.74581909179688,164.58399963378906
56.80564999580383,166,315,491.0658264160156,169.91481018066406,68.96517944335938,109.1924819946289,152.95277404785156,174.94754028320312,217.05538940429688,122.54936218261719,137.8118438720703,143.20326232910156
56.97245669364929,160,301,499.0543518066406,170.35101318359375,66.23485565185547,122.79276275634766,152.17787170410156,173.76141357421875,224.14846801757812,117.8973617553711,137.29896545410156,145.9951629638672
57.13355731964111,141,294,506.376953125,169.526123046875,64.57711029052734,118.60203552246094,151.57452392578125,171.18548583984375,227.02235412597656,114.48332214355469,141.39942932128906,158.51695251464844
57.313499212265015,141,294,506.376953125,169.526123046875,64.57711029052734,118.60203552246094,151.57452392578125,171.18548583984375,227.02235412597656,114.48332214355469,141.39942932128906,158.51695251464844
57.49017405509949,168,278,495.16583251953125,163.0546112060547,62.30111312866211,95.11493682861328,123.38189697265625,171.18548583984375,227.02235412597656,114.48332214355469,141.39942932128906,158.51695251464844
57.68921113014221,168,278,495.16583251953125,163.0546112060547,62.30111312866211,95.11493682861328,123.38189697265625,171.18548583984375,227.02235412597656,114.48332214355469,141.39942932128906,158.51695251464844
57.83879899978638,255,237,495.16583251953125,163.0546112060547,62.30111312866211,95.11493682861328,123.38189697265625,240.070556640625,244.9979705810547,111.48006439208984,138.2238311767578,6.753246307373047
57.988786458969116,381,216,432.323486328125,146.41384887695312,40.78419494628906,90.1324462890625,91.98789978027344,240.070556640625,244.9979705810547,111.48006439208984,138.2238311767578,6.753246307373047
58.193532943725586,365,228,402.93414306640625,122.63861083984375,73.32959747314453,97.73054504394531,163.048095703125,240.070556640625,244.9979705810547,111.48006439208984,138.2238311767578,6.753246307373047
58.37203311920166,372,234,393.8341064453125,123.36895751953125,74.25587463378906,99.4861831665039,169.4474334716797,240.070556640625,244.9979705810547,111.48006439208984,138.2238311767578,6.753246307373047
58.557865381240845,347,274,391.45184326171875,132.59039306640625,54.522579193115234,84.0261459350586,74.6145248413086,324.2914733886719,212.0872802734375,41.95441436767578,94.57674407958984,79.05300903320312
58.7030189037323,299,305,383.6893005371094,118.07704162597656,78.54285430908203,96.4888687133789,166.0435791015625,324.2914733886719,212.0872802734375,41.95441436767578,94.57674407958984,79.05300903320312
58.92038416862488,299,305,383.6893005371094,118.07704162597656,78.54285430908203,96.4888687133789,166.0435791015625,324.2914733886719,212.0872802734375,41.95441436767578,94.57674407958984,79.05300903320312
59.078733682632446,303,310,378.11962890625,115.48974609375,72.94568634033203,99.8022689819336,179.25523376464844,324.2914733886719,212.0872802734375,41.95441436767578,94.57674407958984,79.05300903320312
59.22585320472717,297,313,380.1463928222656,120.26495361328125,77.16421508789062,97.77286529541016,176.2323455810547,324.2914733886719,212.0872802734375,41.95441436767578,94.57674407958984,79.05300903320312
59.39033579826355,362,248,391.3683776855469,132.4584197998047,84.53158569335938,92.58016204833984,31.833953857421875,324.2914733886719,212.0872802734375,41.95441436767578,94.57674407958984,79.05300903320312
59.56486940383911,405,343,409.36590576171875,169.21182250976562,104.30565643310547,111.08768463134766,120.49810028076172,296.6756896972656,175.47218322753906,111.97789001464844,149.40557861328125,75.48553466796875
59.75508666038513,426,329,412.5644226074219,175.90277099609375,95.66867065429688,120.63268280029297,136.0550079345703,293.01959228515625,191.74996948242188,128.0851287841797,146.8426055908203,28.930997848510742
59.91876173019409,420,336,413.2584228515625,178.39138793945312,95.79449462890625,119.601318359375,139.92701721191406,292.259033203125,190.22817993164062,127.35082244873047,148.40882873535156,30.10542869567871
60.07711482048035,427,352,414.57098388671875,183.8609619140625,93.19115447998047,122.09137725830078,139.82151794433594,290.29437255859375,182.89602661132812,129.75999450683594,146.9591827392578,23.3644962310791
60.29085993766785,409,367,415.09161376953125,187.2103729248047,92.6444320678711,115.78523254394531,141.88607788085938,288.9297180175781,179.04403686523438,126.23234558105469,144.99266052246094,30.140409469604492
60.41798973083496,405,385,412.66302490234375,193.86268615722656,93.24116516113281,114.02133178710938,142.7064971923828,291.27374267578125,173.84921264648438,123.7576675415039,141.61410522460938,30.57274055480957
60.61500000953674,404,401,413.77142333984375,197.8542022705078,91.3663101196289,115.89419555664062,142.25509643554688,288.4740295410156,167.18374633789062,126.11502838134766,139.23245239257812,35.129486083984375
